ref_pos,ddg_min,ddg_top5_mean_smallest
68,-4.0029,0.003739999999999899
69,4.1775,8.33184
70,5.6981,13.090959999999999
71,12.5658,16.15974
72,-0.519,0.3883
73,-1.2351,0.77884
74,2.8229,3.8657200000000005
75,5.5,10.49076
76,-1.5476,7.387300000000001
77,3.7769,5.452
78,6.8159,9.789200000000001
79,-0.5048,2.48302
80,1.0332,5.6855400000000005
81,12.1005,14.847820000000002
82,3.2953,4.73362
83,-4.5669,-3.4797200000000004
84,-5.2747,-2.54442
85,0.5641,1.5388600000000001
86,-1.2594,-0.09028000000000005
87,4.2523,9.346499999999999
88,3.7218,4.460499999999999
89,-4.4948,-2.14708
90,2.7304,6.0785
91,-2.3775,-1.60094
92,-5.3097,-3.81342
93,-5.1378,-2.59868
94,-0.1095,1.5478
95,-1.6778,1.99188
96,-3.8937,-1.98568
173,-4.5109,-1.5899800000000002
174,5.0756,8.59114
175,-6.4204,2.5908
176,-5.1057,-3.5229
177,3.9816,9.734420000000002
178,-0.0598,1.86372
179,2.1375,3.571
180,-0.0494,2.0979
181,-1.6021,3.1898
186,-4.504,-0.2314799999999999
187,-1.1427,1.1218
188,1.5902,5.55664
189,1.3763,3.3401399999999994
190,-1.9283,-0.006619999999999959
191,-0.2116,1.21332
192,-0.3158,1.24352
193,-1.6687,-1.3760999999999999
194,-1.1464,-0.5186999999999999
195,-1.5199,-0.6354599999999999
233,0.4039,8.97048
234,4.424,10.2287
235,4.9879,6.84648
236,-2.7074,-0.30263999999999996
237,-8.514,-5.59834
238,-7.4245,-3.6341199999999994
239,-1.623,-0.3507
240,-0.8725,0.30707999999999996
241,4.2532,7.4484200000000005
242,2.3858,3.55608
243,-1.9683,-0.6096
244,-1.5063,0.08210000000000003
245,4.3073,5.29956
246,1.1092,1.671
247,0.0929,1.7056200000000001
248,0.2233,0.6417400000000001
249,-3.4162,-0.84526
250,-1.1835,0.5810600000000001
251,1.5108,2.71162
252,-4.6866,-2.662
253,2.006,6.1147
254,5.8285,9.43872
255,3.1798,5.8635399999999995
256,-4.2495,-2.18502
287,0.8682,5.3347999999999995
288,-8.5855,-3.47732
289,10.2243,11.18416
290,2.7559,4.000579999999999
291,-6.416,-5.073259999999999
292,-1.0896,1.4995999999999998
293,-1.3067,0.15664000000000003
294,17.0094,21.51998
295,7.7152,12.33506
296,-5.4935,-3.5103
297,1.651,5.711919999999999
298,3.9865,8.22972
299,4.82,12.746620000000002
300,9.523,15.055040000000002
301,2.6069,4.70634
390,-0.9584,0.11982
391,5.073,9.740120000000001
392,0.0589,1.21848
393,-2.3036,-1.72552
394,-1.8574,2.63416
395,-4.6236,-3.0346200000000003
396,-0.4253,-0.023019999999999995
397,-0.6453,3.09354
398,-0.8231,4.5052
399,17.6163,18.506980000000002
400,8.1431,8.72778
401,2.9007,4.66256
